{
  "sample_count": 117,
  "labels": [
    "extension",
    "flexion",
    "pronation",
    "radial_deviation",
    "supination",
    "ulnar_deviation"
  ],
  "class_distribution": {
    "extension": 19,
    "flexion": 19,
    "pronation": 19,
    "radial_deviation": 22,
    "supination": 19,
    "ulnar_deviation": 19
  },
  "feature_count": 63,
  "cross_val_accuracy": 0.9914529914529915,
  "confusion_matrix": [
    [
      19,
      0,
      0,
      0,
      0,
      0
    ],
    [
      0,
      19,
      0,
      0,
      0,
      0
    ],
    [
      0,
      0,
      19,
      0,
      0,
      0
    ],
    [
      0,
      0,
      0,
      22,
      0,
      0
    ],
    [
      0,
      0,
      0,
      0,
      19,
      0
    ],
    [
      0,
      0,
      0,
      1,
      0,
      18
    ]
  ],
  "classification_report": {
    "extension": {
      "precision": 1.0,
      "recall": 1.0,
      "f1-score": 1.0,
      "support": 19.0
    },
    "flexion": {
      "precision": 1.0,
      "recall": 1.0,
      "f1-score": 1.0,
      "support": 19.0
    },
    "pronation": {
      "precision": 1.0,
      "recall": 1.0,
      "f1-score": 1.0,
      "support": 19.0
    },
    "radial_deviation": {
      "precision": 0.9565217391304348,
      "recall": 1.0,
      "f1-score": 0.9777777777777777,
      "support": 22.0
    },
    "supination": {
      "precision": 1.0,
      "recall": 1.0,
      "f1-score": 1.0,
      "support": 19.0
    },
    "ulnar_deviation": {
      "precision": 1.0,
      "recall": 0.9473684210526315,
      "f1-score": 0.972972972972973,
      "support": 19.0
    },
    "accuracy": 0.9914529914529915,
    "macro avg": {
      "precision": 0.9927536231884058,
      "recall": 0.9912280701754387,
      "f1-score": 0.9917917917917918,
      "support": 117.0
    },
    "weighted avg": {
      "precision": 0.9918246005202527,
      "recall": 0.9914529914529915,
      "f1-score": 0.9914324580991247,
      "support": 117.0
    }
  }
}