{
  "sample_count": 119,
  "labels": [
    "extension",
    "flexion",
    "pronation",
    "radial_deviation",
    "supination",
    "ulnar_deviation"
  ],
  "class_distribution": {
    "extension": 19,
    "flexion": 20,
    "pronation": 20,
    "radial_deviation": 20,
    "supination": 20,
    "ulnar_deviation": 20
  },
  "feature_count": 81,
  "sensor_count": 1,
  "cross_val_accuracy": 0.9243697478991597,
  "confusion_matrix": [
    [
      17,
      2,
      0,
      0,
      0,
      0
    ],
    [
      1,
      19,
      0,
      0,
      0,
      0
    ],
    [
      0,
      1,
      18,
      1,
      0,
      0
    ],
    [
      0,
      1,
      0,
      19,
      0,
      0
    ],
    [
      0,
      0,
      2,
      0,
      18,
      0
    ],
    [
      1,
      0,
      0,
      0,
      0,
      19
    ]
  ],
  "classification_report": {
    "extension": {
      "precision": 0.8947368421052632,
      "recall": 0.8947368421052632,
      "f1-score": 0.8947368421052632,
      "support": 19.0
    },
    "flexion": {
      "precision": 0.8260869565217391,
      "recall": 0.95,
      "f1-score": 0.8837209302325582,
      "support": 20.0
    },
    "pronation": {
      "precision": 0.9,
      "recall": 0.9,
      "f1-score": 0.9,
      "support": 20.0
    },
    "radial_deviation": {
      "precision": 0.95,
      "recall": 0.95,
      "f1-score": 0.95,
      "support": 20.0
    },
    "supination": {
      "precision": 1.0,
      "recall": 0.9,
      "f1-score": 0.9473684210526315,
      "support": 20.0
    },
    "ulnar_deviation": {
      "precision": 1.0,
      "recall": 0.95,
      "f1-score": 0.9743589743589743,
      "support": 20.0
    },
    "accuracy": 0.9243697478991597,
    "macro avg": {
      "precision": 0.9284706331045004,
      "recall": 0.9241228070175439,
      "f1-score": 0.9250308612915713,
      "support": 119.0
    },
    "weighted avg": {
      "precision": 0.928754110339788,
      "recall": 0.9243697478991597,
      "f1-score": 0.9252854328813721,
      "support": 119.0
    }
  }
}